barcode,well,treatment,replicate,plate
TACGTTATTCCGAA,A01,IL1B,group1,plate1
AACAGGATAACTCC,B01,IL2,group1,plate1
ACTCAGGCACCTCC,C01,IL4,group1,plate1
ACGAGCAGATGCAG,D01,IL6,group1,plate1
TTCAATCTCCTTAG,E01,IL12,group1,plate1
CTCGGTTCGAATGC,F01,IL23,group1,plate1
TACACTATAGCTAG,G01,IFNG,group1,plate1
CAAGTATAAGGAAC,H01,TGFB1,group1,plate1
CTGATATGCAGCGA,A02,BMP10,group1,plate1
ACAATAGGTGGTCC,B02,BMP4,group1,plate1
AACCATCGCATCCA,C02,BMP7,group1,plate1
CAGTCTAGTGCGCA,D02,CCL12,group1,plate1
CCGCAAGAGGTTGG,E02,CCL19,group1,plate1
TAACACCTCCAACG,F02,CCL2,group1,plate1
CAGACATGATAGAG,G02,CCL21A,group1,plate1
AACAACCGAAGTAA,H02,CCL25,group1,plate1
AACTAGTATCCGGA,A03,CCL3,group1,plate1
ACGCAGCGAGCAGA,B03,CCL4,group1,plate1
TCCAAGGCATTAAG,C03,CCL5,group1,plate1
TATGACTGCATGCG,D03,CCL7,group1,plate1
ACCGGATAACGGAA,E03,CCL8,group1,plate1
ATAATATTGCCTCC,F03,CTF1,group1,plate1
TCTTGAACGACTAA,G03,CXCL10,group1,plate1
TTAACTTACGGTCA,H03,CXCL11,group1,plate1
CATGCTAGCGATCG,A04,CXCL12,group1,plate1
TAAGCAACAGCCGA,B04,CXCL13,group1,plate1
ATGTAGGTAATCGG,C04,CXCL16,group1,plate1
CAGCAGCGCTGACA,D04,CXCL9,group1,plate1
TATGTACGTAGAGA,E04,GDF10,group1,plate1
CAGATCGCTCTGCG,F04,GDF11,group1,plate1
TAACCTAACTTCAC,G04,GDF15,group1,plate1
CTCCTAACACAGCC,H04,GDF2,group1,plate1
ATACCGTTGGAGGA,A05,GDF7,group1,plate1
CTTATATCGTCGGC,B05,IFNA,group1,plate1
AAGTACTGATCCAA,C05,IFNB1,group1,plate1
TACTGACTATCGAG,D05,IFNE,group1,plate1
ATTGCGTCCATTAG,E05,IFNK,group1,plate1
TTGCTACCATTGAA,F05,IL10,group1,plate1
AAGCGCACCGGAAC,G05,IL11,group1,plate1
ACCAACTTAGACAA,H05,IL13,group1,plate1
TCAGCGTGTCGTCA,A06,IL15,group1,plate1
ATTCCGCTCTGAGG,B06,IL16,group1,plate1
ACCGATGTGCCGGA,C06,IL17A,group1,plate1
CTAAGGAAGGACCG,D06,IL17B,group1,plate1
TTCTGAGGCGATGG,E06,IL17C,group1,plate1
ACATCTTCTTGAAC,F06,IL17F,group1,plate1
ACAGACGATAGTCA,G06,IL18,group1,plate1
ACTATCTGCAGTCG,H06,IL1A,group1,plate1
CATGTGTACTAGCA,A07,IL21,group1,plate1
CTCTGGCTTGCAGG,B07,IL25,group1,plate1
ACGGCCTTCAACCA,C07,IL27,group1,plate1
CCATATTGAAGCAC,D07,IL33,group1,plate1
TCGATTGGTAATGG,E07,IL35,group1,plate1
TTCATGGTAGAGAG,F07,IL7,group1,plate1
ACGCTCCTAACGGC,G07,IL9,group1,plate1
CTCAATTAGAGACC,H07,INHBA,group1,plate1
TCGATCTTCGGCAG,A08,INHBB,group1,plate1
CACATCGACAGCAG,B08,LIF,group1,plate1
AACCTGCTATCCGG,C08,MIF,group1,plate1
ATCCGGCGATGACC,D08,MSTN,group1,plate1
TCCATGTGTCCAGG,E08,OSM,group1,plate1
ATCGATGTCATAGC,F08,PF4,group1,plate1
CTCCGCATGCTTCC,G08,linker,group1,plate1
CACGTAGCTAGACG,H08,TGFB2,group1,plate1
AACATGGCACGGAA,A09,TGFB3,group1,plate1
ATGCTATCTAGACA,B09,TNF,group1,plate1
ACCAATCCGTATAA,C09,TNFSF15,group1,plate1
CTCGTGCCTCAGGA,D09,TSLP,group1,plate1
ATGCAATTACACCG,E09,WNT1,group1,plate1
CCTCCATCCATGGA,F09,WNT3A,group1,plate1
ACGGCTCTTAGGCC,G09,WNT5A,group1,plate1
TCCAACTACCGAAC,H09,WNT7A,group1,plate1
TATGAGAGCTATGA,A10,ADIPOQ,group1,plate1
CAAGGCGTGGTTAC,B10,IL1F10,group1,plate1
ATTATCGGATTCGG,C10,IL1F5,group1,plate1
ATCCTAAGTGGAGG,D10,IL1F6,group1,plate1
ATACGATGCTGCGC,E10,IL1F8,group1,plate1
AAGCCTTAGGCCGC,F10,IL1F9,group1,plate1
AATGTGTGGATACC,G10,LEP,group1,plate1
ATGCTGCAACGGCA,H10,linker,group1,plate1
CTTGATAAGCCAGG,A11,CCL22,group1,plate1
CATGGAACTCCGGC,B11,CCL24,group1,plate1
TAAGGACCTCATAA,C11,CCL26,group1,plate1
TCTGTCTATGCAGC,D11,CCL1,group1,plate1
CAACCAACCTATAG,E11,CCL9,group1,plate1
CCGGTAGAATGGCC,F11,CCL11,group1,plate1
TCCGAAGTTGTAGA,G11,CCL17,group1,plate1
TCGATGCTATATGA,H11,CCL20,group1,plate1
ACAAGGTTCCGCCG,A12,CCL27,group1,plate1
CCACGTTCCGGTAG,B12,CCL28,group1,plate1
ACTTAAGGTCCAAC,C12,CX3CL1,group1,plate1
TCCAGAAGGCAACA,D12,LTA,group1,plate1
CTGCTCATGAGAGA,E12,TNFSF4,group1,plate1
ATGAATGTTGCCAC,F12,TNFSF8,group1,plate1
CTCTCAAGTCCTCC,G12,TNFSF9,group1,plate1
ATTCCAGTTCTTGC,H12,TNFSF10,group1,plate1